,id,address_v4,asn_v4,prefix_v4,address_v6,asn_v6,prefix_v6,country,status,is_public,latitude,longitude,description,lastWeekOn,lastMonthOn,allTimeOn,Seconds_disconnected,Days_disconnected
7,334,88.20.5.109,3352,88.20.0.0/16,-,-,-,es,Connected,Yes,37.9895,-1.1315,Broadband home connection,0.9962000000000001,0.9944,0.6466,0,0
8,341,213.0.69.132,3352,213.0.0.0/16,2001:470:1f1d:275:220:4aff:fec8:2405,6939,2001:470::/32,es,Connected,Yes,40.5975,-3.9805,Oficina,0.9965,0.9978,0.9754999999999999,0,0
13,417,217.18.40.10,15954,217.18.32.0/20,2a01:a940:7766:1:220:4aff:fec8:25c8,15954,2a01:a940::/32,es,Connected,Yes,40.4905,-3.6925,Tecnocratica MAD1 (Ex Colgajit,0.9965999999999999,0.9989,0.6072,0,0
17,632,-,-,-,2001:470:1f09:495:220:4aff:febf:ffaf,6939,2001:470::/32,es,Disconnected,Yes,40.5985,-3.9815,Casa,0.0,0.0,0.9534,12024159,139
28,1531,185.44.28.215,29119,185.44.28.0/22,fdbb:7440:7714:0:220:4aff:fec8:24ac,-,-,es,Connected,Yes,37.9675,-1.2215,n0p's home,0.9978,0.9989,0.9717,0,0
29,2001,87.220.48.127,12479,87.220.48.0/22,-,-,-,es,Disconnected,Yes,43.3175,-1.9825,Jazztel IPv4 only,0.0,0.0,0.6684,9308359,107
30,2023,88.3.148.68,3352,88.3.0.0/16,2a02:9140:5281:2800:220:4aff:fee0:220a,3352,2a02:9000::/23,es,Disconnected,Yes,40.3985,-3.7215,AS3352 Probe v2,0.0,0.0,0.9631000000000001,4376026,50
39,2604,37.46.88.25,57929,37.46.88.0/21,-,-,-,es,Connected,Yes,40.4495,-3.5725,Octanio AS,1.0,0.9993000000000001,0.9804999999999999,0,0
41,2740,79.116.15.40,57269,79.116.0.0/15,2a0c:5a85:a301:4400:220:4aff:fee0:2308,57269,2a0c:5a80::/29,es,Connected,Yes,37.3175,-5.9405,kerkhoff_HOME,1.0,0.9989,0.34369999999999995,0,0
46,3712,79.148.251.62,3352,79.148.0.0/16,-,-,-,es,Connected,Yes,40.4485,-3.7925,-,1.0,0.9998999999999999,0.9114,0,0
48,3726,83.48.64.37,3352,83.48.0.0/16,-,-,-,es,Connected,Yes,40.4305,-3.7115,JPC - CNC Madrid,1.0,1.0,0.8584999999999999,0,0
53,3785,80.39.56.70,3352,80.39.0.0/16,2001:470:7f1d:cafe:220:4aff:fee0:2832,6939,2001:470::/32,es,Connected,Yes,40.4495,-3.6485,Madrid,0.9974,0.9982,0.7672,0,0
54,4048,150.241.254.254,766,150.241.128.0/17,-,-,-,es,Connected,Yes,43.3115,-2.0105,-,0.9983,0.48700000000000004,0.9578,0,0
55,4053,158.227.98.1,15488,158.227.0.0/16,-,-,-,es,Connected,Yes,43.2585,-2.9505,-,1.0,1.0,0.8234999999999999,0,0
57,4143,88.13.67.12,3352,88.13.0.0/16,2a02:9140:6b80:3500:280:a3ff:fe91:3a5a,3352,2a02:9000::/23,es,Disconnected,Yes,43.2685,-2.9505,-,0.4404,0.44049999999999995,0.6067,255,0
58,4640,85.217.139.195,200845,85.217.138.0/23,-,-,-,es,Connected,Yes,38.0575,-0.8705,ROBSPROBE,0.9995,0.9997,0.9912000000000001,0,0
63,5010,88.20.32.113,3352,88.20.0.0/16,-,-,-,es,Connected,Yes,37.9875,-1.1325,Julio's Probe,0.9771,0.9856,0.7095,0,0
67,6352,84.88.18.254,13041,84.88.0.0/16,2001:40b0:2::2,13041,2001:40b0::/32,es,Connected,Yes,41.3885,2.1095,CSUC - Consorci de Serveis Uni,1.0,1.0,0.9995,0,0
68,6604,31.47.76.181,15954,31.47.72.0/21,2a01:a940:445:d::1,15954,2a01:a940::/32,es,Connected,Yes,40.4895,-3.6925,"TecnocrÃ¡tica Centro de Datos,",1.0,0.9992,0.9914000000000001,0,0
69,6668,92.38.171.55,202422,92.38.171.0/24,2a03:90c0:246::2e,199524,2a03:90c0:240::/44,es,Connected,Yes,40.5815,-3.5795,G-Core Labs S.A.,1.0,1.0,0.9995,0,0
70,6687,147.84.200.125,39069,147.84.0.0/16,-,-,-,es,Connected,Yes,37.9905,-1.1285,CARM - Comunidad AutÃ³noma de M,1.0,1.0,0.9998999999999999,0,0
73,6926,194.156.155.241,48386,194.156.155.0/24,2a0d:5642:113:201:5054:ff:fe7c:cc09,48386,2a0d:5642:113::/48,es,Connected,Yes,40.4405,-3.6215,"Misaka Network, Inc.",0.9995999999999999,0.9995,0.9779000000000001,0,0
74,6980,156.154.79.254,12008,156.154.79.0/24,2610:a1:3034:252::254,12008,2610:a1:3034::/48,es,Disconnected,Yes,40.4475,-3.5685,Neustar,0.0,0.0,0.8715,11238300,130
75,7017,82.98.154.62,42612,82.98.128.0/18,2a02:be8:3:200:216:3eff:fe7b:2391,42612,2a02:be8::/32,es,Connected,Yes,40.4405,-3.6225,Dinahosting S.L.,1.0,0.9998,0.9998,0,0
76,7086,37.46.78.66,15699,37.46.72.0/21,2a00:6640:e:101:f816:3eff:fe48:e511,15699,2a00:6640::/32,es,Connected,Yes,40.5105,-3.3385,"Adam Ecotech, S.A.",1.0,1.0,0.9998999999999999,0,0
77,7089,94.24.115.154,15699,94.24.112.0/20,2a01:1c8:e:101::a,15699,2a01:1c8::/32,es,Connected,Yes,41.4915,2.1215,"Adam Ecotech, S.A.",1.0,0.9998,0.9998999999999999,0,0
78,7289,5.180.228.37,8637,5.180.228.0/24,2a0b:c800:1:ffff::1501:2,8637,2a0b:c800:1::/48,es,Connected,Yes,40.4415,-3.6185,"SpainWISP, S.L.",1.0,1.0,1.0,0,0
83,10237,110.93.11.66,35699,110.93.8.0/22,-,-,-,es,Connected,Yes,41.3905,2.1685,Hemma BCN,1.0,0.9995999999999999,0.8942,0,0
87,10836,213.162.201.210,13287,213.162.200.0/22,2a02:23a0:1111:14::2,13287,2a02:23a0::/32,es,Connected,Yes,39.5205,-0.4715,NIXVAL IP v3 R5,0.9990000000000001,0.9995,0.9984999999999999,0,0
91,11124,88.25.227.81,3352,88.25.0.0/16,-,-,-,es,Connected,Yes,28.0895,-16.6315,Elmi's home probe TF,1.0,0.9895,0.9584999999999999,0,0
93,11598,109.69.8.210,49835,109.69.8.0/24,2a00:1508::210,49835,2a00:1508::/32,es,Connected,Yes,41.3515,2.1415,guifi.net Foundation www.guifi,0.9991,0.9997,0.7352,0,0
94,11600,217.14.37.6,30892,217.14.32.0/20,2a02:aa8:0:2001:fa1a:67ff:fe4d:82e0,30892,2a02:aa8::/29,es,Connected,Yes,41.4775,2.1075,DTGBSI-CRD,1.0,0.9998999999999999,0.9135,0,0
95,11602,217.14.37.38,30892,217.14.32.0/20,2a02:aa8:0:2000::10,30892,2a02:aa8::/29,es,Connected,Yes,41.3985,2.1875,DTGBSI-22A,1.0,0.9998999999999999,0.9145,0,0
98,11749,84.88.81.123,13041,84.88.0.0/16,-,-,-,es,Connected,Yes,41.3915,2.1095,-,0.9993000000000001,0.9998,0.6728000000000001,0,0
109,12170,217.18.40.3,15954,217.18.32.0/20,2a01:a940:7766:0:fa1a:67ff:fe4d:6fee,15954,2a01:a940::/32,es,Disconnected,Yes,40.4875,-3.6895,Salvatierra,0.0,0.0766,0.6434000000000001,2393869,27
112,12364,85.54.112.141,12479,85.54.112.0/22,-,-,-,es,Connected,Yes,41.3895,2.1805,KEVINPROBE,0.9989,0.9945,0.9195,0,0
113,12884,86.127.232.45,57269,86.127.224.0/19,-,-,-,es,Connected,Yes,41.6395,-4.7385,MTU Sistemas O2 FTTH,0.9926,0.9965999999999999,0.8226,0,0
120,13337,79.116.139.150,57269,79.116.0.0/15,2a0c:5a86:110a:e700:a2f3:c1ff:fec4:5314,57269,2a0c:5a80::/29,es,Disconnected,Yes,43.3605,-5.8515,First RIPE Atlas Probe in nort,0.0085,0.050199999999999995,0.8628,156205,1
121,13379,88.4.20.17,3352,88.4.0.0/16,-,-,-,es,Disconnected,Yes,41.6415,-0.8995,-,0.0,0.0,0.09269999999999999,28675255,331
128,13487,83.55.217.98,3352,83.55.0.0/16,-,-,-,es,Disconnected,Yes,42.0105,-4.5185,-,0.0,0.0,0.0981,7440755,86
139,13870,62.204.197.11,15630,62.204.192.0/19,2a01:4a80:0:2500::11,15630,2a01:4a80::/32,es,Connected,Yes,40.4375,-3.7395,-,0.9995,0.9995,0.9843999999999999,0,0
144,13880,91.213.30.30,49638,91.213.30.0/24,2001:67c:137c:1:a2f3:c1ff:fec4:5e26,49638,2001:67c:137c::/48,es,Connected,Yes,41.3875,2.1115,CATNIX - Catalonia Neutral Int,0.9993000000000001,0.9998,0.9668000000000001,0,0
145,13881,83.33.243.111,3352,83.33.0.0/16,2a02:9140:4a80:8901:a2f3:c1ff:fec4:5df5,3352,2a02:9000::/23,es,Connected,Yes,40.3975,-3.6985,macias,0.9991,0.9922,0.9773999999999999,0,0
149,13896,147.156.9.141,766,147.156.0.0/16,2001:720:1014:21::a:187,766,2001:720::/32,es,Connected,Yes,39.5105,-0.4185,Universitat de ValÃ¨ncia - Burj,0.9995,0.9997,0.9861,0,0
165,14842,83.36.246.223,3352,83.36.0.0/16,-,-,-,es,Connected,Yes,40.3585,-3.9005,-,1.0,0.9779000000000001,0.7626999999999999,0,0
167,14866,81.35.25.21,3352,81.35.0.0/16,-,-,-,es,Connected,Yes,40.5405,-3.6495,Valeriano,1.0,1.0,0.8613,0,0
175,15118,80.39.150.99,3352,80.39.0.0/16,-,-,-,es,Connected,Yes,40.4515,-3.6725,ripeprobe,1.0,0.9998,0.8284999999999999,0,0
183,15618,88.19.206.79,3352,88.19.0.0/16,2a02:9141:200::20,3352,2a02:9000::/23,es,Connected,Yes,38.7915,0.0375,EA5DFV,0.9987999999999999,0.9995,0.8476,0,0
185,15623,145.224.124.5,14593,145.224.124.0/22,2a0d:3344:202f:304:6666:b3ff:feb0:aafa,14593,2a0d:3344:2000::/3,es,Disconnected,Yes,42.8885,-4.9615,Valeriano (Prioro),0.0,0.0,0.4583,7436869,86
187,15632,83.42.100.54,3352,83.42.0.0/16,-,-,-,es,Connected,Yes,41.4685,2.0885,-,1.0,0.9997,0.9795,0,0
192,15873,185.107.105.215,200434,185.107.105.0/24,-,-,-,es,Connected,Yes,41.9285,2.2605,viladelpingui.net,1.0,1.0,0.5934,0,0
205,18273,46.29.48.48,51718,46.29.48.0/21,-,-,-,es,Connected,Yes,40.5385,-3.6495,HyD Acens,1.0,0.9997,0.9986,0,0
215,18565,79.116.151.94,57269,79.116.0.0/15,2a0c:5a83:700f:5e00:ea94:f6ff:feba:fbf2,57269,2a0c:5a80::/29,es,Disconnected,Yes,41.6395,-4.7395,Digi FTTH,0.0,0.0708,0.1433,769944,8
219,18651,194.30.80.81,3262,194.30.0.0/17,-,-,-,es,Connected,Yes,40.6775,-3.6205,Sanagus,1.0,0.9998999999999999,0.7352,0,0
223,18801,88.3.148.68,3352,88.3.0.0/16,2a02:9140:5281:2800:ea94:f6ff:fe48:57f0,3352,2a02:9000::/23,es,Disconnected,Yes,40.3975,-3.7225,AS3352 Probe v3,0.0,0.0,0.9170999999999999,4377263,50
225,18833,212.230.14.82,15704,212.230.0.0/15,-,-,-,es,Connected,Yes,41.5885,-4.7315,J5 Network,1.0,0.9995999999999999,0.8998,0,0
226,18844,2.136.61.132,3352,2.136.0.0/16,-,-,-,es,Connected,Yes,40.5495,-3.6705,JP CEREZO Seminario SRM,1.0,0.9995999999999999,0.4468,0,0
236,19882,139.47.66.8,15704,139.47.0.0/17,fd6c:c629:cdf9:37e6:c24a:ff:fecc:9e54,-,-,es,Connected,Yes,40.3785,-3.5385,-,0.9849,0.9893000000000001,0.8776999999999999,0,0
238,20136,193.57.37.94,57910,193.57.37.0/24,-,-,-,es,Connected,Yes,39.6005,2.6785,-,1.0,0.9997,0.9521999999999999,0,0
240,20395,149.74.134.12,12479,149.74.134.0/24,-,-,-,es,Disconnected,Yes,41.5095,2.2415,Family home,0.0,0.0,0.34630000000000005,26032263,301
243,20711,80.80.88.159,34760,80.80.88.0/22,-,-,-,es,Connected,Yes,41.4075,2.1675,es.n2000,1.0,0.9998,0.9315000000000001,0,0
245,20757,82.116.160.93,12319,82.116.160.0/19,-,-,-,es,Connected,Yes,43.2905,-1.9805,IZFE Atlas probe,1.0,0.9998,0.9528,0,0
251,21537,2.137.22.14,3352,2.137.0.0/16,fd86:2520:8e6b:4840:eade:27ff:fe69:d1e2,-,-,es,Connected,Yes,28.0905,-16.7215,MOVISTAR FTTH - Tenerife Sur -,1.0,1.0,0.9547,0,0
252,21570,88.148.103.97,29119,88.148.96.0/21,-,-,-,es,Connected,Yes,37.3475,-5.2295,FuenLan.es,0.9897,0.9974,0.9958,0,0
258,22291,185.84.116.3,41397,185.84.116.0/22,-,-,-,es,Connected,Yes,41.6475,-0.8885,probe.aragon.net,0.9991,0.9994,0.5593,0,0
259,22309,83.32.8.60,3352,83.32.0.0/16,2001:470:1f13:d68:eade:27ff:fe69:c6a2,6939,2001:470::/32,es,Disconnected,Yes,40.4015,-3.7225,-,0.0,0.0738,0.6445000000000001,2400509,27
260,22338,79.116.24.56,57269,79.116.0.0/15,-,-,-,es,Connected,Yes,40.4815,-3.6315,GonDors,1.0,0.9856,0.8554999999999999,0,0
262,22806,185.132.136.69,203457,185.132.136.0/23,-,-,-,es,Connected,Yes,41.2805,1.9875,ICFO,1.0,0.9995999999999999,0.9701000000000001,0,0
269,23267,176.58.8.10,57656,176.58.8.0/24,2a0a:7dc0:100:0:176:58:8:10,57656,2a0a:7dc0::/29,es,Connected,Yes,42.1705,-8.6895,ALTIA-probe,1.0,0.9997,0.5892000000000001,0,0
270,23268,194.143.201.28,8311,194.143.200.0/21,-,-,-,es,Connected,Yes,41.6515,-0.8895,atlas.zgz.redestel.net,1.0,0.9997,0.8539,0,0
272,23318,185.6.6.222,199652,185.6.6.0/24,-,-,-,es,Connected,Yes,38.8515,0.0075,Vergel,1.0,0.9995999999999999,0.9981,0,0
277,23581,185.107.160.40,203641,185.107.160.0/24,-,-,-,es,Connected,Yes,37.5375,-6.0585,Guillena WiFi,1.0,0.9998999999999999,0.8355,0,0
281,23685,212.81.180.210,3262,212.81.128.0/17,2a03:c600:c023:104:16cc:20ff:fef8:8be8,3262,2a03:c600::/32,es,Connected,Yes,41.3895,2.2015,"Barcelona MAPFRE Tower, ExoCli",1.0,0.9983,0.9138,0,0
282,23686,90.161.204.253,12479,90.160.0.0/12,2001:470:7855:effe:16cc:20ff:fef8:8c36,6939,2001:470::/32,es,Connected,Yes,36.7205,-4.3785,GSSI CASA,1.0,0.9995,0.9497,0,0
292,24086,2.136.155.30,3352,2.136.0.0/16,-,-,-,es,Disconnected,Yes,40.4905,-3.6885,MEYTEL-LEZ,0.0,0.0,0.9061,4075533,47
299,24385,212.92.38.85,24592,212.92.32.0/20,-,-,-,es,Connected,Yes,41.3895,2.1715,NEXICA,1.0,0.9995999999999999,0.2698,0,0
316,26072,79.145.122.135,3352,79.145.0.0/16,-,-,-,es,Connected,Yes,36.6185,-4.5095,-,1.0,0.9998,0.8909,0,0
317,26619,188.26.221.178,57269,188.26.216.0/21,2a0c:5a84:e502:da00:c66e:1fff:fe3a:dfb6,57269,2a0c:5a80::/29,es,Connected,Yes,41.3815,2.1375,CFL - Connection,0.7542,0.7968999999999999,0.2596,0,0
323,27073,188.127.180.208,15704,188.127.160.0/19,-,-,-,es,Connected,Yes,40.3385,-3.7495,ZARZAQUEMADA,0.9929000000000001,0.9937999999999999,0.6321,0,0
324,27076,86.127.238.254,57269,86.127.224.0/19,2a0c:5a80:f109:9600:c66e:1fff:fe5b:ef26,57269,2a0c:5a80::/29,es,Connected,Yes,40.3405,-3.7795,POZADELAGUA,1.0,1.0,0.6081,0,0
328,27388,45.13.200.251,200845,45.13.200.0/22,-,-,-,es,Connected,Yes,36.5015,-4.7185,MÃ¼ller,0.5312,0.12390000000000001,0.9212,0,0
334,28761,185.123.204.47,5505,185.123.204.0/24,2a03:9320::20,5505,2a03:9320::/32,es,Disconnected,Yes,39.5175,-0.4695,VADAVO (VALENCIA) - AS5505,0.0,0.0,0.9703,6265256,72
337,29333,83.55.33.252,3352,83.55.0.0/16,-,-,-,es,Disconnected,Yes,40.9485,-5.6615,ALOJALIA SAL-HOME2,0.0,0.0,0.8969,5367199,62
341,29725,185.161.96.245,205697,185.161.96.0/24,2a0b:ef00::96:245,205697,2a0b:ef00::/32,es,Disconnected,Yes,40.4395,-3.6215,ALOJALIA CPD1,0.0,0.0,0.6475,12651488,146
343,29823,89.38.19.122,34977,89.38.19.0/24,fd8b:3633:b3f5:0:ee08:6bff:fe73:40d6,-,-,es,Connected,Yes,39.4885,-0.3615,-,1.0,0.9995,0.9288,0,0
344,30039,81.35.58.7,3352,81.35.0.0/16,-,-,-,es,Connected,Yes,40.6115,-3.5415,JPC HQ Probe 1 (TE),0.9986,0.998,0.8186,0,0
352,30313,185.67.112.141,59908,185.67.112.0/22,-,-,-,es,Connected,Yes,39.4385,-0.3725,BalaLink probe at Islalink FSL,1.0,0.9995,0.303,0,0
354,30356,81.35.58.7,3352,81.35.0.0/16,-,-,-,es,Connected,Yes,40.6005,-3.5005,JPC HQ Probe 2 (Vodafone),0.9995,0.9982,0.3993,0,0
355,30381,83.51.63.181,3352,83.51.0.0/16,-,-,-,es,Connected,Yes,41.3775,2.1415,CFL - Parents House,1.0,0.9997,0.5492,0,0
357,30392,81.34.81.13,3352,81.34.0.0/16,fd8d:b48c:7bd0:6743:a62b:b0ff:fee0:145e,-,-,es,Connected,Yes,40.5585,-3.6485,Movistar service,1.0,0.9993000000000001,0.9037000000000001,0,0
374,31427,185.110.17.85,204234,185.110.16.0/22,-,-,-,es,Connected,Yes,38.8805,-1.1115,TVAlmansa probe,1.0,0.9998,0.9518000000000001,0,0
381,31643,193.22.119.83,29680,193.22.119.0/24,-,-,-,es,Disconnected,Yes,41.4885,2.1395,-,0.0,0.0,0.9440999999999999,10080124,116
383,31675,93.114.147.133,34977,93.114.147.0/24,-,-,-,es,Connected,Yes,36.7195,-4.4595,UTE Probe,1.0,1.0,0.9764,0,0
387,32202,95.16.6.148,12479,95.16.6.0/24,2a02:2e02:2899:b900:1ad6:c7ff:fef3:1f56,12479,2a02:2e02:2890::/4,es,Disconnected,Yes,36.8185,-2.5725,ALV-ALM,0.0,0.0,0.8151999999999999,3495308,40
390,32584,185.36.0.56,200845,185.36.0.0/24,fd22:a7f5:5574:2:d66e:eff:fe23:6664,-,-,es,Disconnected,Yes,36.8395,-4.6385,-,0.0,0.0,0.8225,17715342,205
391,32615,37.134.214.51,12479,37.134.212.0/22,-,-,-,es,Disconnected,Yes,40.3695,-3.7625,Redparra Network rp1,0.0,0.6399,0.9926,930207,10
392,32626,84.88.1.18,13041,84.88.0.0/16,-,-,-,es,Connected,Yes,41.3905,2.1085,CSUC - Consorci de Serveis Uni,0.9986,0.9997,0.9993000000000001,0,0
394,32868,93.191.139.1,48846,93.191.136.0/21,-,-,-,es,Connected,Yes,40.5015,-3.6595,INETUM - PROBE,0.9765999999999999,0.9740000000000001,0.9151,0,0
400,33627,79.154.53.175,3352,79.154.0.0/16,-,-,-,es,Connected,Yes,41.4005,2.1885,-,1.0,0.9998999999999999,0.9732,0,0
401,33818,79.146.75.96,3352,79.146.0.0/16,-,-,-,es,Connected,Yes,40.2915,-3.8325,ALOJALIA MAD-HOME1,1.0,0.9998999999999999,0.8398,0,0
403,33948,79.151.83.32,3352,79.151.0.0/16,-,-,-,es,Connected,Yes,39.9915,-0.0505,Movistar 300M,1.0,1.0,0.982,0,0
405,33971,88.17.177.243,3352,88.17.0.0/16,fddc:a502:5043:5745:1ad6:c7ff:fe29:fd38,-,-,es,Connected,Yes,39.4575,-0.3795,-,1.0,1.0,0.8908,0,0
408,34344,83.61.133.170,3352,83.61.0.0/16,2a02:9140:4d80:3600:c225:e9ff:fea8:78a4,3352,2a02:9000::/23,es,Connected,Yes,40.3395,-3.8205,skgsergio@home,0.9987,0.9995999999999999,0.9922,0,0
412,34429,46.6.27.241,15704,46.6.24.0/21,-,-,-,es,Connected,Yes,36.6015,-4.5215,Benal Probe,1.0,1.0,0.5363,0,0
415,34664,185.154.9.241,200845,185.154.9.0/24,-,-,-,es,Connected,Yes,42.2495,3.1205,Empuriabrava - Jazztel,0.9997,0.9995,0.8511,0,0
426,35765,188.77.109.208,12479,188.77.108.0/22,-,-,-,es,Disconnected,Yes,41.4195,2.1905,-,0.3311,0.3443,0.8018000000000001,5485,0
427,35783,84.126.254.154,6739,84.126.0.0/16,-,-,-,es,Connected,Yes,38.9885,-0.5185,-,1.0,0.9998999999999999,0.9865,0,0
429,50272,79.116.16.205,57269,79.116.0.0/15,-,-,-,es,Connected,Yes,37.2885,-5.9195,Alferez.es Ripe Atlas,0.9975,0.9983,0.9954000000000001,0,0
430,50328,217.150.213.31,33932,217.150.213.0/24,-,-,-,es,Connected,Yes,41.6715,2.7485,home user @ Everywan,1.0,0.9993000000000001,0.9438,0,0
432,50594,185.23.223.105,60493,185.23.223.0/24,-,-,-,es,Connected,Yes,41.5595,1.9615,FICOSA INTERNATIONAL RIPE ATLA,0.9984000000000001,0.9982,0.7959999999999999,0,0
435,50925,79.117.27.151,57269,79.116.0.0/15,2a0c:5a82:e506:206:1:45ff:fe60:1233,57269,2a0c:5a80::/29,es,Connected,Yes,40.4895,-3.8815,Epsilon,1.0,0.9833,0.6415000000000001,0,0
438,51056,158.109.165.53,13041,158.109.0.0/16,-,-,-,es,Connected,Yes,41.5005,2.1095,Sensor SI Comms,0.9976,0.9994,0.9678,0,0
440,51265,79.150.158.173,3352,79.150.0.0/16,-,-,-,es,Connected,Yes,39.8495,3.0905,Alcudia,1.0,1.0,0.988,0,0
441,51352,217.126.185.215,3352,217.126.0.0/16,2001:470:1f09:495:1:5ff:fe92:a02a,6939,2001:470::/32,es,Connected,Yes,40.5985,-3.9805,Casa-new,0.9982,0.9994,0.9990000000000001,0,0
444,52511,2.137.126.233,3352,2.137.0.0/16,-,-,-,es,Connected,Yes,28.6775,-17.7725,HomeLab Probe,1.0,0.9987,0.9934999999999999,0,0
447,52963,193.17.192.236,34019,193.17.192.0/24,2001:67c:1740:a0d3:1:dbff:fea9:94b9,34019,2001:67c:1740::/48,es,Connected,Yes,36.7085,-4.4295,guadalmedina.keda.re,0.9963,0.9984000000000001,0.9338,0,0
448,52969,185.49.156.25,200030,185.49.156.0/22,-,-,-,es,Connected,Yes,38.0715,-0.7495,ATLAS at local ISP,1.0,1.0,0.9995,0,0
450,53240,195.140.157.179,15450,195.140.157.0/24,-,-,-,es,Connected,Yes,40.4375,-3.6305,ALHAMBRA SYSTEMS,1.0,1.0,0.9981,0,0
454,53386,90.170.246.194,12479,90.170.240.0/21,-,-,-,es,Disconnected,Yes,40.4905,-3.8785,Probe casa Edu,0.0,0.0,0.4449,5049726,58
455,53390,84.121.199.210,6739,84.121.0.0/16,-,-,-,es,Connected,Yes,39.4675,-0.3785,Valencia,1.0,0.9998999999999999,0.7537999999999999,0,0
456,53456,79.116.157.122,57269,79.116.0.0/15,2a0c:5a84:eb0a:6900:1:d1ff:fe0d:5faf,57269,2a0c:5a80::/29,es,Connected,Yes,41.5605,2.0095,casa.cmos486.es,0.9993000000000001,0.9979,0.995,0,0
462,54639,85.59.17.35,12479,85.59.16.0/22,-,-,-,es,Connected,Yes,28.6815,-17.7615,-,0.9993000000000001,0.9664,0.9937999999999999,0,0
466,55263,81.0.13.45,15704,81.0.0.0/20,-,-,-,es,Connected,Yes,41.3785,2.1705,"AS15704 - Spain, Barcelona, Ra",0.9984000000000001,0.9994,0.9754,0,0
467,55346,92.191.19.22,12479,92.191.16.0/22,-,-,-,es,Connected,Yes,40.4205,-3.7105,-,1.0,0.9979,0.9965999999999999,0,0
468,55420,79.117.7.133,57269,79.116.0.0/15,-,-,-,es,Connected,Yes,41.4975,2.0385,dbizarro Home,1.0,0.9995,0.9961,0,0
470,55661,83.54.77.45,3352,83.54.0.0/16,-,-,-,es,Connected,Yes,40.9475,-5.6595,ALOJALIA SAL-HOME1,1.0,1.0,0.971,0,0
471,55787,79.152.111.181,3352,79.152.0.0/16,-,-,-,es,Disconnected,Yes,41.4105,2.1615,ekesken-home,0.0,0.0,0.6776000000000001,18702528,216
472,60032,212.237.255.3,200845,212.237.255.0/24,-,-,-,es,Connected,Yes,38.7485,-0.5715,Mariola Secreta,0.9987999999999999,0.9987,0.5922999999999999,0,0
473,60061,188.26.220.73,57269,188.26.216.0/21,2a0c:5a82:8104:7600:da58:d7ff:fe03:77f,57269,2a0c:5a80::/29,es,Connected,Yes,40.4575,-3.7095,Sonda Madrid Franco Rodriguez,0.9995,0.9997,0.9969,0,0
474,60133,92.185.50.153,12479,92.185.48.0/21,fd00::da58:d7ff:fe03:6bf,-,-,es,Disconnected,Yes,38.3585,-0.4215,-,0.2238,0.3788,0.9442,41,0
475,60135,62.82.127.239,6739,62.82.0.0/16,-,-,-,es,Connected,Yes,27.8995,-15.7315,Casa La Cardonera,0.996,0.9987,0.9934000000000001,0,0
476,60319,185.50.0.3,60273,185.50.0.0/22,-,-,-,es,Connected,Yes,41.8515,3.0975,-,1.0,0.9997,0.9984999999999999,0,0
477,60374,92.172.101.225,12479,92.172.96.0/20,-,-,-,es,Connected,Yes,40.0995,-4.0495,mtnezm.es,0.9998,0.9995999999999999,0.9706999999999999,0,0
478,60416,79.116.58.23,57269,79.116.0.0/15,-,-,-,es,Connected,Yes,40.1905,-3.6725,aletz.es,0.9956,0.9984000000000001,0.9994,0,0
480,60464,212.64.160.7,12540,212.64.160.0/19,-,-,-,es,Connected,Yes,28.1195,-15.4295,DataCenter JXXIII probe,1.0,1.0,0.9998999999999999,0,0
481,60494,83.36.156.175,3352,83.36.0.0/16,2a02:9140:5100:800:da58:d7ff:fe03:717,3352,2a02:9000::/23,es,Connected,Yes,40.2495,-3.8285,Casa Humanes,0.9997,0.9993000000000001,0.9909,0,0
482,60533,185.66.46.63,50563,185.66.44.0/22,-,-,-,es,Connected,Yes,37.5985,-1.0015,Tele Cartagena barrio de la co,0.9987999999999999,0.9954999999999999,0.9983,0,0
483,60555,93.176.180.28,15704,93.176.176.0/20,-,-,-,es,Connected,Yes,41.3895,2.1795,-,1.0,0.9991,0.9962000000000001,0,0
484,60561,79.146.77.157,3352,79.146.0.0/16,2a02:9140:4f80:6c00:da58:d7ff:fe03:a0a,3352,2a02:9000::/23,es,Connected,Yes,40.2975,-3.8395,House probe,0.9986,0.9963,0.9984000000000001,0,0
485,60589,193.84.93.10,209910,193.84.93.0/24,-,-,-,es,Connected,Yes,38.1215,-1.2885,Archena Mapeka,1.0,0.9998,0.9978,0,0
486,60610,79.117.199.135,57269,79.116.0.0/15,2a0c:5a80:c306:2a00:da58:d7ff:fe03:6d6,57269,2a0c:5a80::/29,es,Connected,Yes,40.3075,-3.7325,-,1.0,0.9998999999999999,0.9997,0,0
487,60629,93.156.219.181,15704,93.156.216.0/21,-,-,-,es,Connected,Yes,42.3615,-2.4815,Home,1.0,0.9997,0.9943000000000001,0,0
488,60653,91.117.120.198,12334,91.117.64.0/18,-,-,-,es,Disconnected,Yes,42.6485,-8.8805,-,0.0,0.0,0.0926,30832636,356
490,60668,79.117.24.184,57269,79.116.0.0/15,2a0c:5a83:f902:2c00:da58:d7ff:fe03:8c4,57269,2a0c:5a80::/29,es,Connected,Yes,40.4115,-3.6095,-,1.0,0.9995999999999999,0.1234,0,0
492,60780,212.163.228.77,12541,212.163.0.0/16,-,-,-,es,Connected,Yes,40.4175,-3.6985,Probe #60780,1.0,0.9995,0.9992,0,0
493,60900,83.48.37.217,3352,83.48.0.0/16,-,-,-,es,Connected,Yes,40.3275,-3.7525,AT,1.0,0.9998999999999999,0.9998,0,0
494,60944,81.0.13.45,15704,81.0.0.0/20,-,-,-,es,Connected,Yes,41.3795,2.1695,"AS15704 - Spain, Barcelona, Ra",0.9987,0.9997,0.9872,0,0
495,61019,212.81.204.129,3262,212.81.128.0/17,2a03:c600:c028:101:da58:d7ff:fe03:a18,3262,2a03:c600::/32,es,Connected,Yes,43.2815,-2.0125,IBD Probe,1.0,0.9997,0.9995999999999999,0,0
497,61201,185.59.67.186,56882,185.59.67.0/24,-,-,-,es,Connected,Yes,42.4575,-2.4625,RIPE PROBE1 - LCR,1.0,0.9992,0.9945999999999999,0,0
498,61230,88.17.177.243,3352,88.17.0.0/16,fddc:a502:5043:5745:da58:d7ff:fe03:87b,-,-,es,Connected,Yes,39.4575,-0.3815,-,1.0,1.0,0.9992,0,0
499,61357,83.53.163.145,3352,83.53.0.0/16,-,-,-,es,Connected,Yes,43.3105,-5.7005,LlangrÃ©u,1.0,1.0,0.9995999999999999,0,0
501,61476,83.173.142.55,6739,83.173.128.0/18,-,-,-,es,Connected,Yes,42.4605,-2.4595,RIPE PROBE2 - Vodafone,0.9995999999999999,0.9987,0.9972,0,0
502,61498,145.224.124.35,14593,145.224.124.0/22,-,-,-,es,Disconnected,Yes,40.4215,-3.6885,-,0.0,0.0,0.1805,23241170,268
503,61531,92.187.60.106,12479,92.187.60.0/22,-,-,-,es,Connected,Yes,40.3975,-4.0015,Mi sonda RIPE de Brunete,0.9983,0.9973000000000001,0.9864,0,0
504,61547,88.0.13.106,3352,88.0.0.0/16,-,-,-,es,Connected,Yes,39.9705,-4.8305,SONDA RIPE ATLAS,0.9961,0.9965999999999999,0.988,0,0
505,61646,79.116.138.4,57269,79.116.0.0/15,2a0c:5a80:b20c:bb00:da58:d7ff:fe03:94d,57269,2a0c:5a80::/29,es,Connected,Yes,40.3405,-3.7105,-,0.9994,0.9993000000000001,0.9862000000000001,0,0
507,61719,88.5.210.83,3352,88.5.0.0/16,-,-,-,es,Disconnected,Yes,41.6415,-0.9325,-,0.0,0.0,0.7199,5779152,66
508,61758,213.177.212.2,15704,213.177.208.0/21,-,-,-,es,Connected,Yes,43.3515,-8.4205,-,1.0,0.9990000000000001,0.9995999999999999,0,0
511,62149,87.221.61.221,12479,87.221.60.0/22,-,-,-,es,Disconnected,Yes,36.6015,-4.5505,-,0.0,0.0,0.2194,27206814,314
512,62255,84.54.27.113,29119,84.54.26.0/23,-,-,-,es,Connected,Yes,37.9795,-1.1105,LosDolores,1.0,0.9993000000000001,0.9238,0,0
513,62301,185.219.59.2,205241,185.219.59.0/24,-,-,-,es,Connected,Yes,41.7875,0.8075,-,1.0,1.0,0.9989,0,0
514,62325,185.35.143.130,60171,185.35.140.0/22,-,-,-,es,Connected,Yes,41.4295,2.2285,AFR-IX Telecom Barcelona CLS,1.0,0.9995999999999999,0.9997,0,0
515,62363,88.1.140.127,3352,88.1.0.0/16,-,-,-,es,Connected,Yes,40.7385,-3.5995,AS3352 - Version 5 probe,1.0,0.9998,0.9873999999999999,0,0
517,62512,109.227.152.149,15704,109.227.144.0/20,fd67:a53b:d2c4:0:da58:d7ff:fe03:445,-,-,es,Disconnected,Yes,40.6985,-3.9325,Mi vivienda,0.6777,0.9246,0.3037,195008,2
518,62588,83.52.254.76,3352,83.52.0.0/16,-,-,-,es,Connected,Yes,43.5315,-5.6685,Torre Stark,1.0,0.9975,0.9942,0,0
519,62669,188.214.241.206,62412,188.214.240.0/23,2a04:6c01:100:3:da58:d7ff:fe03:911,62412,2a04:6c00::/29,es,Connected,Yes,38.0815,-1.2795,-,1.0,1.0,0.9978,0,0
521,62799,88.22.253.11,3352,88.22.0.0/16,-,-,-,es,Connected,Yes,39.5615,-0.5285,BandaAncha.eu,0.9979,0.9994,0.9990000000000001,0,0
522,62829,89.7.133.21,12430,89.6.0.0/15,-,-,-,es,Connected,Yes,43.4615,-3.8215,Santander Probe - Spain,1.0,0.997,0.9756999999999999,0,0
524,62939,88.20.38.88,3352,88.20.0.0/16,-,-,-,es,Connected,Yes,38.0215,-1.1315,"Murcia, Churra",1.0,0.9998999999999999,0.9997,0,0
525,63003,90.173.25.240,12479,90.173.25.0/24,-,-,-,es,Disconnected,Yes,40.3485,-3.8325,Home,0.0,0.0,0.0332,24289622,281
526,63047,150.241.155.247,766,150.241.128.0/17,-,-,-,es,Connected,Yes,43.2605,-2.9305,-,0.9995999999999999,0.9995,0.9993000000000001,0,0
528,63085,155.54.210.2,766,155.54.0.0/16,-,-,-,es,Connected,Yes,37.9895,-1.1185,-,0.9945,0.9947,0.9841,0,0
533,1000961,83.38.90.87,3352,83.38.0.0/16,2001:470:c997:1::4,6939,2001:470::/32,es,Disconnected,Yes,40.3775,-3.7695,-,0.0,0.16879999999999998,0.8793000000000001,2154527,24
536,1001603,139.47.38.225,15704,139.47.32.0/21,-,-,-,es,Connected,Yes,41.4885,2.1875,"MiR, Spain",1.0,0.9998,0.9865,0,0
537,1001898,89.129.234.71,12479,89.129.232.0/22,-,-,-,es,Connected,Yes,40.3715,-3.7685,-,0.9993000000000001,0.7637999999999999,0.9365000000000001,0,0
538,1002174,193.104.51.88,25412,193.104.51.0/24,-,-,-,es,Connected,Yes,41.3695,2.0705,-,1.0,1.0,1.0,0,0
541,1002436,79.116.11.111,57269,79.116.0.0/15,-,-,-,es,Connected,Yes,42.4705,-2.4615,-,0.9876,0.9965999999999999,0.8659,0,0
543,1002938,67.218.236.204,15704,67.218.232.0/21,fd48:cb5f:904d::1,-,-,es,Connected,Yes,43.3115,-1.9715,-,1.0,0.9998999999999999,0.9975,0,0
544,1003090,79.154.210.172,3352,79.154.0.0/16,-,-,-,es,Connected,Yes,41.5975,2.6215,Guadalupe,1.0,0.9990000000000001,0.9965,0,0
545,1003510,79.117.24.184,57269,79.116.0.0/15,2a0c:5a83:f902:2c03:9aee:cbff:fe04:1a0f,57269,2a0c:5a80::/29,es,Connected,Yes,40.3875,-3.6025,GLEZCLOUD,0.9995999999999999,0.9987999999999999,0.9834999999999999,0,0
546,1003694,193.145.14.195,766,193.144.0.0/14,-,-,-,es,Connected,Yes,40.3395,-3.7685,IMDEA,1.0,0.9998999999999999,0.898,0,0
547,1003800,82.223.222.233,8560,82.223.0.0/16,2001:ba0:1800:80e6::1,8560,2001:ba0::/32,es,Connected,Yes,41.3875,2.1675,-,1.0,1.0,1.0,0,0
548,1003888,208.85.17.65,20473,208.85.17.0/24,2a05:f480:2800:10f9:5400:3ff:fee9:be76,20473,2a05:f480:2800::/3,es,Connected,Yes,40.4215,-3.6985,Madrid - Vultr,1.0,1.0,0.9998999999999999,0,0
549,1003970,81.39.237.9,3352,81.39.0.0/16,2a02:9003:e5:128:48e3:74e6:da06:7514,3352,2a02:9000::/23,es,Connected,Yes,43.4975,-8.1895,-,1.0,0.9987,0.9987,0,0
550,1004021,83.41.163.43,3352,83.41.0.0/16,-,-,-,es,Connected,Yes,41.5475,2.1085,-,1.0,0.9998,0.9987999999999999,0,0
551,1004035,188.241.61.226,43578,188.241.60.0/23,-,-,-,es,Disconnected,Yes,41.3495,2.1285,Bitnap Barcelona,0.0,0.0,0.5365,26447606,306
552,1004036,185.47.128.178,59432,185.47.128.0/24,2a03:c7c0:3f::1,59432,2a03:c7c0::/32,es,Connected,Yes,40.4305,-3.6215,Ginernet Madrid,1.0,0.9983,0.9987999999999999,0,0
553,1004037,194.62.97.213,202053,194.62.96.0/22,2a04:3542:8000:1000:70c6:e5ff:feec:104b,202053,2a04:3542:8000::/3,es,Connected,Yes,40.4205,-3.6815,Upcloud Madrid,1.0,1.0,1.0,0,0
555,1004166,119.15.112.1,55393,119.15.112.0/24,-,-,-,es,Connected,Yes,41.4005,2.1905,midokura-bcn-orange,1.0,0.9997,0.9904999999999999,0,0
556,1004167,119.15.112.244,55393,119.15.112.0/24,-,-,-,es,Connected,Yes,41.4005,2.1905,midokura-bcn-adamo,1.0,0.9997,0.9908,0,0
557,1004181,212.64.161.167,12540,212.64.160.0/19,-,-,-,es,Connected,Yes,28.1075,-15.4385,pnimain Test probe,0.9998,0.9995,0.9958,0,0
558,1004189,212.64.161.167,12540,212.64.160.0/19,-,-,-,es,Connected,Yes,28.1115,-15.4385,pnisec Test probe,1.0,1.0,0.9871,0,0
559,1004200,88.24.229.106,3352,88.24.0.0/16,-,-,-,es,Connected,Yes,28.0275,-15.5025,-,1.0,1.0,0.9979,0,0
560,1004202,81.0.3.102,15704,81.0.0.0/20,-,-,-,es,Disconnected,Yes,41.3885,2.1375,-,0.0,0.0,0.4951,12187146,141
561,1004488,79.117.54.195,57269,79.116.0.0/15,fde1:e651:88c1::1,-,-,es,Connected,Yes,41.3815,2.1315,"Turris Omnia, Barcelona",1.0,0.9998999999999999,0.9702,0,0
562,1004523,208.76.221.49,20473,208.76.220.0/22,2a05:f480:2800:145f:5400:3ff:fed2:ba70,20473,2a05:f480:2800::/3,es,Connected,Yes,40.4185,-3.7015,-,1.0,1.0,0.9987999999999999,0,0
564,1004657,188.26.220.73,57269,188.26.216.0/21,fdc1:d42a:1944::1,-,-,es,Connected,Yes,40.4605,-3.7105,EspaÃ±a Madrid Franco Rodriguez,0.14150000000000001,0.11939999999999999,0.1686,0,0
566,1004769,188.26.220.73,57269,188.26.216.0/21,fdda:5862:9bf7::1,-,-,es,Connected,Yes,40.4215,-3.6795,EspaÃ±a Madrid Franco Rodriguez,0.1412,0.1195,0.1716,0,0
567,1004871,212.8.116.1,12338,212.8.64.0/18,fd47:37c4:8a7::1,-,-,es,Connected,Yes,43.2575,-2.9295,Turris Unamuno,0.9998,0.9732,0.5676,0,0
571,1004991,18.100.6.236,16509,18.100.0.0/15,2a05:d011:218:6500:5950:4100:5da0:58a6,16509,2a05:d011::/38,es,Connected,Yes,41.5975,-0.9085,AWS - Spain,0.9995,0.9998,0.9998,0,0
572,1005069,80.91.70.194,210423,80.91.70.0/24,-,-,-,es,Connected,Yes,42.2415,-8.7195,-,1.0,1.0,0.9693,0,0
574,1005075,88.17.48.173,3352,88.17.0.0/16,-,-,-,es,Disconnected,Yes,39.4895,-0.3995,-,0.0,0.0,0.4496,5953741,68
575,1005076,82.213.235.154,15704,82.213.224.0/19,-,-,-,es,Connected,Yes,40.2905,-3.7995,-,1.0,0.9993000000000001,0.9943000000000001,0,0
578,1005108,86.127.241.86,57269,86.127.224.0/19,2a0c:5a85:d106:7a00:e92:f61:2e75:d6e9,57269,2a0c:5a80::/29,es,Disconnected,Yes,39.4715,-0.3825,-,0.0,0.0,0.1624,29281547,338
579,1005149,79.156.59.62,3352,79.156.0.0/16,-,-,-,es,Connected,Yes,41.7415,0.6395,-,1.0,0.9997,0.9987,0,0
581,1005247,185.47.128.101,59432,185.47.128.0/24,2a03:c7c0:29:0:fca4:baff:fe16:6c48,59432,2a03:c7c0::/32,es,Connected,Yes,40.4305,-3.6205,-,1.0,1.0,0.9997,0,0
582,1005309,79.116.49.16,57269,79.116.0.0/15,-,-,-,es,Disconnected,Yes,40.1915,-3.6725,aletz.es,0.0,0.0,0.2883,22298536,258
583,1005357,185.49.184.104,15954,185.49.184.0/22,-,-,-,es,Connected,Yes,40.4905,-3.6905,-,0.9998999999999999,0.9998999999999999,0.9994,0,0
585,1005425,79.116.62.230,57269,79.116.0.0/15,-,-,-,es,Disconnected,Yes,37.3795,-5.9715,-,0.0,0.0,0.0,29448384,340
586,1005512,81.9.155.117,12338,81.9.128.0/19,-,-,-,es,Connected,Yes,42.8885,-8.5425,santiago,0.9995999999999999,0.9998,0.9929000000000001,0,0
587,1005513,82.98.129.44,42612,82.98.128.0/18,2a02:be8:2:1000:42:acff:fe13:2,42612,2a02:be8::/32,es,Connected,Yes,40.4385,-3.6225,interxion mad1,1.0,0.9998999999999999,0.9995999999999999,0,0
588,1005536,82.223.33.133,8560,82.223.0.0/16,2001:ba0:1800:81ff::1,8560,2001:ba0::/32,es,Connected,Yes,40.4205,-3.7015,IONOS-Madrid,1.0,1.0,1.0,0,0
589,1005622,83.51.248.196,3352,83.51.0.0/16,-,-,-,es,Connected,Yes,41.3885,2.1585,-,0.8867,0.934,0.9806999999999999,0,0
590,1005642,80.58.150.61,3352,80.58.0.0/16,-,-,-,es,Connected,Yes,40.4285,-3.6705,-,0.9948,0.9984999999999999,0.9267,0,0
591,1005792,79.152.176.225,3352,79.152.0.0/16,-,-,-,es,Disconnected,Yes,41.4185,2.2015,Menorca Barcelona,0.0,0.0,0.6888,7089711,82
592,1005907,213.97.72.118,3352,213.97.0.0/16,-,-,-,es,Connected,Yes,36.7405,-4.5625,rindus,1.0,0.9998999999999999,0.9998,0,0
593,1006026,81.35.117.185,3352,81.35.0.0/16,fd4d:6169:6c63:6f77::1,-,-,es,Connected,Yes,40.7105,-3.4515,Synthgularity,0.8887,0.899,0.8762000000000001,0,0
594,1006038,79.116.130.83,57269,79.116.0.0/15,-,-,-,es,Connected,Yes,43.3015,-2.8915,-,0.9989,0.9924,0.9918,0,0
595,1006085,80.26.149.181,3352,80.26.0.0/16,-,-,-,es,Connected,Yes,40.4495,-3.7085,-,1.0,0.9998,0.9222,0,0
596,1006106,2.155.31.127,12430,2.155.0.0/16,-,-,-,es,Disconnected,Yes,40.7305,-3.8625,-,0.0079,0.0018,0.0229,424393,4
597,1006162,195.235.93.17,3352,195.235.0.0/16,-,-,-,es,Connected,Yes,40.4385,-3.6495,-,1.0,1.0,0.9998999999999999,0,0
598,1006501,185.161.96.30,205697,185.161.96.0/24,2a0b:ef00::96:30,205697,2a0b:ef00::/32,es,Connected,Yes,40.4175,-3.6925,ALOJALIA MAD-CPD1,0.9998999999999999,1.0,0.9998999999999999,0,0
599,1006504,195.216.247.3,205697,195.216.247.0/24,-,-,-,es,Connected,Yes,37.4795,-5.9325,ALOJALIA SEV-CPD1,0.9989,0.9995999999999999,0.9995999999999999,0,0
600,1006507,79.117.50.183,57269,79.116.0.0/15,-,-,-,es,Connected,Yes,39.4705,-0.4125,-,1.0,0.9993000000000001,0.9993000000000001,0,0
601,1006558,79.116.12.137,57269,79.116.0.0/15,-,-,-,es,Disconnected,Yes,37.3215,-5.9405,-,0.0,0.0,0.09609999999999999,4146268,47
602,1006603,193.37.64.251,49600,193.37.64.0/24,2a12:c7c0:4::2,49600,2a12:c7c0:4::/48,es,Connected,Yes,41.3485,2.1275,Barcelona,0.9998999999999999,1.0,0.9998999999999999,0,0
603,1006604,193.37.65.251,49600,193.37.65.0/24,2a12:c7c4::2,49600,2a12:c7c0::/29,es,Connected,Yes,40.4495,-3.5725,Madrid,1.0,1.0,0.9997,0,0
604,1007366,185.197.200.11,57656,185.197.200.0/24,2a0a:7dc0:100:4:185:197:200:11,57656,2a0a:7dc0::/29,es,Connected,Yes,42.1705,-8.6895,ALTIA-ISP2-Probe,1.0,0.9993000000000001,0.9993000000000001,0,0
605,1007387,83.34.149.169,3352,83.34.0.0/16,-,-,-,es,Connected,Yes,42.2705,-8.7685,-,0.9945,0.9933,0.9932,0,0
606,1007393,34.175.56.3,396982,34.175.0.0/17,-,-,-,es,Connected,Yes,40.5185,-3.3385,Google Cloud - europe-southwes,1.0,1.0,1.0,0,0
607,1007394,34.0.207.25,15169,34.0.192.0/19,-,-,-,es,Connected,Yes,40.5195,-3.3385,Google Cloud - europe-southwes,1.0,1.0,1.0,0,0
608,1007401,213.96.250.100,3352,213.96.0.0/16,-,-,-,es,Connected,Yes,42.1675,-8.6925,FTTH-Movistar,1.0,1.0,1.0,0,0
